,Loss,Error
0,1.0693115,1.06259
1,0.95036846,1.1693575
2,0.93119687,1.3154243
3,0.9412862,1.4434181
4,0.9594326,1.5091548
